wallet,token ID
0x73Bcb8C5E30Bf85806aade7Fc36f16C6B80FD3b9,337
0x42514bbD93505A9cF01ADa12CfE540Ce30550db6,136
0xc7f91e6650Fe21791B1f8af864eD019B6853294E,630
0xdD136B2490512fd7794173d9b695D303A567dD50,637
0xdA48f922A4EC0c4B78758Af9e83e69D1B687Edd1,1
0x7F26d2eDbE7eD3BC6e86F6981ef35fb421376dBD,743
0xC0E89289d179151768748297395294fbF3cB8D0a,384
0xC5b99C29322000af823938f332bF0a45c856CD6F,455
0x95131b9190f129bbe2c268804Bf39c43e3711Ac2,328
0x183B6267cb9F985A8AA7Fc912672A21d644a4102,55
0x3d559D0a7E6BDA753008c9a0C138D9A1D6115d6f,387
0x70C20397E32b880796A8b03511990f78E752853d,329
0x914bC99c05489f9AE6625402E0003b3a9488eb98,694
0x01B22Bb2D473a53FAe501C273e6D5592A58a131A,261
0x26e2BF786dc254de9d260Cc9b283731Ec6F73BaA,254
0xC5db07322D9589544105E956E2BfCAfCB61B3a01,342
0xC5b99C29322000af823938f332bF0a45c856CD6F,132
0xf6efe72034f4AEB4DE56F093c5AF75A485e78762,791
0x94A294a02e98120b54f8D64bf6f93e702A4Cc483,679
0x014A64241e230541626Be1060443C16BFE0900C6,46
0xEFd8Bc6A73fBF95F52e72a932449def778f4d3b2,598
0x848b9602A21344c3B4D1bdD97fC8A94f494913da,570
0xf7d27A880CA908f11b60149BD0bA993C94f41a9a,78
0xB00642217BC9492c47c90abc8B2f69a58DC9240C,33
0x7edB0CBfe1217Fe53Af0Fb871D92c1c627C6673C,406
0x80575eaAa4a04eC867D8B179aBAdc162974ca21b,285
0xe70cF65a81BEB5d9Bc9DF807683BcfA44893B4Cb,441
0xeB69f26918b03be26e7AC66C3Afc089b7A188bae,360
0x7149f3D2d0B38D9D9558356F9c10c1e7Db71CB2F,393
0x65aB98D7CCd7d0542B008Ca68C37BF14DC7f8331,532
0x8df937Afdf1d08C2bA565d636ca1365a42144385,256
0x7EE9033aad1d11a80F1c1e8d769FeACBC97416dB,107
0xbED9970B133f1567422E89091fafC21F869128EB,275
0x01C7b3B2be439441e3cc8644b64B664d5E4E997F,5
0x1BE58857D68a9874f4728d94B0eb294FfD086582,636
0xbA8E220834c32Fac376BBfb33820C001f022d72E,355
0xD72508Badc98629E324496180322e70ed2e28ee1,213
0x0e4206b4118703740a14CBeddEA58DD60FbDA0AF,508
0xD01eb9DBBCb5E9F708cdc04c668864328e1A4B46,101
0x3A78a990DcfE1fa140701CB4A02c7B9D8c3f3E9e,705
0xA556a5a50d2C786617263414878214A9159d1433,808
0x89177787e8B88B6b95cFCD0501e79bdD05d370CA,807
0x353339c5EBc17B740BE010A6F7C5627b46B005e5,221
0x0F7130dA3eAfCda3B2B27478A88E3e1369AfA3e7,678
0x51787a2C56d710c68140bdAdeFD3A98BfF96FeB4,173
0xE39fe33AbF3D05266cBcB6BFa7cCef9b7446079f,575
0x40EbF8a762801D1706D9D16A8abFEc4c452d15e5,658
0xee15FBDc0b4498597FC3Cd635e1760cC0F2c06E9,88
0xa0F3A3a0cf603EA85E73E26563B03e83ae9fE344,200
0x872BA908245adef986F38cA65386c17a52C31E97,15
0xbDa9E411bbEF7147d7b36145715b1952f68512E7,131
0xF6a66244D19b210592a0A41CBA3Ba47BB7D64060,371
0x13257E056112D578414e5d291926c9D684d5D9eF,672
0xDEcE69e6251634FBb4d73E01f91fca05AA187e32,224
0x4b44F85d6bb71482995105962fD073742C94107e,830
0x51eA4b28c13B5c62AC9F900Ad26a6D44845b63Bd,683
0x75B03fBFCD3D33cb27Cf522AbaCD6476722A9428,645
0x91c36b5FC1b89F38C954Cd737B3286Bd7122759f,374
0x89177787e8B88B6b95cFCD0501e79bdD05d370CA,755
0x66c7D364cA4Dd5858336D1d55208a78ebac164A8,60
0x51787a2C56d710c68140bdAdeFD3A98BfF96FeB4,210
0xeF4b511e9e43fe144FCf6C519CeE861535eBe6BA,323
0x36D3ABbb708690639899cb4B5AcF10A21134E5Ef,239
0xB92871aedC1Be0300f0287c697959C67956291dB,227
0xe1385eA3cD4AEB508b2B8094F822960D0C968505,476
0x67c98D5191785caf9AFbfB823929d4AFD018f4a5,114
0x99DCCFb625e61FA3980BDda32B55284aD2aa9aF5,91
0x0F7130dA3eAfCda3B2B27478A88E3e1369AfA3e7,182
0x914bC99c05489f9AE6625402E0003b3a9488eb98,761
0x6786939a63Acf04B5Ea7Ab42178A30E1453F7453,641
0x0F40eb4dCb6Fe9cba23CBB82663A53C9577D548B,555
0x822ee635aeA13AF0FD00510d0cEA3F535E77E0f9,11
0x294284feB6b436b56eA07a75CbADDDf3918D131F,656
0xcB5c0BFa9e999FF0935a9e4625A78634856c8C07,13
0xA9b596479Ca5E05eF526AfEC1d380A076f371105,430
0xe616E04c1237efF59f168626e11e6b8ca082F73D,479
0xe616E04c1237efF59f168626e11e6b8ca082F73D,671
0x7a9f83c02765F0072d6aDC54Bb3ab3293D241c33,169
0x84C42a0F1DFf1bb673BCCd63bCa73e672225EDA2,518
0xd5bc65ED8FEF954D959F7f32c97a6Da7A046f9D7,281
0x0E6e9d2c0Aab646EB4b13808e208fA1c6b308Db1,113
0xc66266B53618542DB45bE7F66Dd8212e86D4882A,817
0x9888c2FE6C97684C67C14c6bA640EfcBCC7f357f,560
0x8d90cff4Ba575266C82eD4B9bC1B5948c12023bc,49
0x92eA894105ef9b3e4F7ff1Ec4c33E14bdCbF4779,778
0xd2B12f1a75b2313980d7c410002e6a48cF389b8D,277
0x9C3AfA36eF81473A3eeD870850b1b7eD4bf657eE,770
0xC5b99C29322000af823938f332bF0a45c856CD6F,729
0xbDF5FAB216Cc6F2C0C0Deb4771466BEEcA361599,386
0x8cfE8FC5E423e1A1b57E5990bed26C1AC0Ed0a26,92
0x028d5EecD2e80310600e2b08527ebc1485CFB0Ea,579
0xb3B6f668a99569e0001EEA9D09C0CA8534FBb4cB,597
0xf68CbC40494b9B1da9Fe07BDC339EDe3fb4D9E19,149
0xC55C754b9F11198BFcB5b6f1315D47DaADa0C4ab,661
0xcDc35a002a25C2be00b3e613301E3E3F0117F5ad,567
0xC5b99C29322000af823938f332bF0a45c856CD6F,596
0x4b44F85d6bb71482995105962fD073742C94107e,628
0x6180D9803Ef26aE060A2A08262A7207BaC038F87,161
0xbDa9E411bbEF7147d7b36145715b1952f68512E7,180
0x0C664C03eEBcECB6C21E3b3BC77c9dffed5bd694,154
0xcDc35a002a25C2be00b3e613301E3E3F0117F5ad,472
0x51787a2C56d710c68140bdAdeFD3A98BfF96FeB4,813
0x30e8a3Bb3E8D26d05457cc2Cb7c93448A2CeE2C0,590
0x0F7130dA3eAfCda3B2B27478A88E3e1369AfA3e7,771
0x89177787e8B88B6b95cFCD0501e79bdD05d370CA,733
0x848b9602A21344c3B4D1bdD97fC8A94f494913da,634
0xb848a0B0bA24a233E2f05D0a382e1C2035BfC5F0,291
0x27F33f5af3125c7488051134872E6e7A3c5a644A,477
0xb50260f2076D744A6a87d4Ba0102fA8770c08e34,217
0x50582fbc5998991be6b4925b5e40456e1ad6F7C5,319
0xfE715eD03047B43DCd15F3154927e04CAc45AECA,553
0x42FeeC5c7e7D3c725864A2716CA357Fa9993CCC0,250
0xC66DD2Dc3AEb82DF500Bd4434CD7456B34043736,509
0x281AbcD601a763BA7C8118aF0B99e69c6D969F92,146
0xB00642217BC9492c47c90abc8B2f69a58DC9240C,810
0xEee1F8475F6d760cCB7381E4B1783DC7C0fDbF8D,104
0xBE03aB0c13af2fD997B437425f0061c046F18f1A,311
0x028d5EecD2e80310600e2b08527ebc1485CFB0Ea,347
0x17b128B6771F5D26de3348db0cd222328cc1Eb47,606
0x6Ac40b84f5732cCc2d21ebe71f2ACC4140314843,191
0xB00642217BC9492c47c90abc8B2f69a58DC9240C,45
0xB1035EF6a7da0C3c36F0878D94C20d3f1370d27a,463
0x07dbC9423BC7e4315fE6224996A1d6A93931CD55,777
0x0C89176C253a78CceC62AD8D0a037b9448fbA8c5,255
0xF53EFc8469285437acB24A650463A5aFb50DD800,357
0x3ceE1fcef8D09A758084dD9E98Fe57a7012e525b,655
0xcDc35a002a25C2be00b3e613301E3E3F0117F5ad,158
0x165fca0Ea5CE34f71f92364a720ec7E6cA64a83f,773
0x99f230A1a61044CF092D0C9CDea53b36f6a18904,71
0xD66F3fd0f89f59409adAF7bDca536016A765670D,445
0x2098fdc52F5FD840C7389C0c3B0f775C3E3d12Ef,194
0xB00642217BC9492c47c90abc8B2f69a58DC9240C,212
0xcCB1F48b4E8693C9E65C15ca91901dC6798F8f04,775
0xB92871aedC1Be0300f0287c697959C67956291dB,313
0x85D3cb46EC3c85CeF95e201886e5e5a2bb0A77e5,702
0x6232d7a6085D0Ab8F885292078eEb723064a376B,111
0x8df937Afdf1d08C2bA565d636ca1365a42144385,616
0x18057463877204E0BEc8082AbdC192Bd717c311F,484
0xDdACE307dC583158D284E856e5eA5434dE24dDc2,312
0x9aa824A302597E3477d0435cfc5b1e1B9Eb23449,59
0xD905DE91f928b20EA0cCf455e5bA07eB6373955C,260
0xfB6900f1aB51b3B03EF94C1A6C031CF4261ee04A,462
0xc4396b0E2BCC71469aC3b40843fE79813cd29168,626
0xb848a0B0bA24a233E2f05D0a382e1C2035BfC5F0,231
0x1B1408480C90E6265d2624eaaF564Eb95B0C5707,139
0x49fbb9f90e78Dd1c0569816e1eEeaf2C28414ed7,159
0x9A23C98800226d929a3F919deba4a16d781c4B91,456
0xF94455064DFc1bD53de14FED27637B46DA39d917,189
0x81B7220Ed701C0F0f2D52213BdF2901280f4E4fe,435
0x281b6A55585f4FE6624E89C2488B715Cd92Fe651,710
0xd0c3339848Fb597aBD46fA650E3E411715f0bfB8,499
0x2885e8073a107127aD7173918500A5a5BAc2bB93,362
0x75B03fBFCD3D33cb27Cf522AbaCD6476722A9428,50
0x828558d5f18b940A020FcCa59a7e0aBb2E588b12,687
0x60f55D4b354878205F15eB2804653C696f4Dc8bf,160
0x46290D451265bc1a24F46E7d0C2e437F97DdEdEd,276
0xE94cA4CCD931d578f66dC06E24FFcDf79147f9e4,668
0xeCBA5f51925E6CCeC26dA38Dcd7D5305f6BdFbcb,399
0xA94DD536a2cdCC0A8BE2D214fC0FB4c2891C2da5,497
0x8CCb07293755004942f4451aEBA897dB44631061,811
0x914bC99c05489f9AE6625402E0003b3a9488eb98,482
0x6457A438e924EEeb2aA14C254db044bf774b62Eb,481
0x8e9915A968F983fB4dF50306c7CB22EdcE0EA2d7,36
0x97b00eebfc135bAf9fBCf1daeEDDab2Fde75d5CE,322
0x3998dE0D5397AC95c08aBe98772946dFa3FFDE8b,247
0xbA0EC1a6F870Be67E5B99c1940D2a9ef91f86AC7,489
0x4b8793A716821a94791B871f6E661dC0658D60ef,586
0x84009C8280d2248bdC82e9C9b636Cbd958F4D169,196
0x84e7f24203EddD925EBB3b81F4bCEc07B8C4CB60,600
0x3fd7d5E4baFB835e044Da3988c214F75Eb9F470e,87
0xb848a0B0bA24a233E2f05D0a382e1C2035BfC5F0,750
0xbBBAA9b374136A2FDEF831758Fd6D00f0aA116F5,53
0x01e92264abAccD5E77Be8a9A0ed5f1115fa36163,76
0x855d9e95864f55A9dD11842fdCb1BCe8B3f0f4e3,95
0x288fD25b19bd687E4aa16029B46f6aDa7FF1Cc97,432
0xE9247d734A93068f449B2b7C2946C09F6fE51185,522
0x5B0c1a42F3836498D29d7Fae8268621C25701f27,591
0x51787a2C56d710c68140bdAdeFD3A98BfF96FeB4,216
0x8F688a91695F7D2a1E93e57cedcbf5c5202f617b,336
0x5C5bb26835287B1D7B0FdB5E0C7eA890c509f851,521
0x2Ee8670d2b936985D5fb1EE968810c155D3bB9cA,764
0x51787a2C56d710c68140bdAdeFD3A98BfF96FeB4,192
0x2B87b19dB9945cEF02c2D5b07d99a17F8fdE0FB9,629
0x28C173B8F20488eEF1b0f48Df8453A2f59C38337,120
0x4A4E9f58B3D69135D130074Fc9BF709c788894ef,438
0xcFD469fAE83098F72eD8464Cc36A006A2170698f,739
0x423240BaB9457f4Ae3A69DE5D6aD10F07DCA1623,228
0x8df937Afdf1d08C2bA565d636ca1365a42144385,510
0x12a650074A084F450Fe41f90199F0A4DD21C1dDc,741
0x78b60946AEa58277F9d0371F60B5789C4AD34297,485
0xA7A3a06E9A649939f60bE309831B5e0EA6cC2513,262
0x0c4a4a7Fe3D3e114fa20ACd1d2136fb620c5F36C,534
0x28CF7888016F447FC3DE912328e77907312F77A7,408
0xFF187380295C43C2859d86868a473d4730EA5574,431
0x905c1cA2ac32eE0799E4Aa31927f1166A93F3b17,759
0x9Aa70c212C01a01900b04319Aed3b0D85bd0e06a,588
0xFbf0A8DcBC85dFc9D01d5CC1a0d255a30fC7c6D7,439
0x10b316e9a7Ba5f6779b614923904B7Ba438eCd4a,220
0x78Ac447De0915Da66A81eB6dbEEBFE1E3e031B39,474
0xec01Aad4B5A556cBb9FBF19f2D9174bdd1719d3C,94
0x3e3F3e12bbAb359D11b8994A219E6E8e9F44848A,422
0x45698cdCC733cBA4f8B1150C2f580587adF1Df92,583
0x8484b7700d96eB701D84685e780fBA63A38b5D16,353
0x3f5C2bE8b6E799Fd388d9D1da2B87E4da62f505a,293
0xa539AF7fbF093AEA2d90B3eE8df2e9b4548a0452,249
0x42a66f57Ea568b60DA66d080d86def968eb18a8F,153
0x962FfC0dc613BD99ca0fB3D86277C1E6014983c3,763
0x014A64241e230541626Be1060443C16BFE0900C6,690
0x7EE9033aad1d11a80F1c1e8d769FeACBC97416dB,822
0x8df937Afdf1d08C2bA565d636ca1365a42144385,83
0x12353665F02Daa319F81C9d13F86feE92aE2Da7E,344
0x8E2Fce2C4B970C135f04F14A2fEA40d4CF9fDD96,140
0x6457A438e924EEeb2aA14C254db044bf774b62Eb,12
0x24120f533f8fC65D08B9983F92D931a3250682b1,632
0x1043320e260f016a80273F6CDF52b45573f51fe2,684
0x822ee635aeA13AF0FD00510d0cEA3F535E77E0f9,103
0xb848a0B0bA24a233E2f05D0a382e1C2035BfC5F0,57
0xD5D7A2cF0Ff9847A810075641B5025c7CF84679D,673
0x91f3ACF393dE794E7291FBF36DFc408Da617cfF0,0
0x855821255AEa2c73117742d58F6f4f317B065972,54
0xFAF33E42372CE3E86A8c219af9Ef24Ccc35CE037,179
0xddb6F31Affcb1eBf4eC1348de792D329d3eF98ee,97
0xB9bB6b1ad1C2795E3EAdc6A742890beeC4CF2622,28
0xfd5764e804f2Ad0cab5F07374647A95908967e57,516
0x79D16570483aFC8C749216bfc0B8ABf759EAd7C4,425
0xeE50e712c9aFA8d3781510D958D9E75681B0e8CB,165
0xB00642217BC9492c47c90abc8B2f69a58DC9240C,257
0x20cFA3012B87d61B684eD6b687b0C03178E06EbB,151
0xBF49db9a6EFEC8EAE0f9B1fA13a5d622D2e9D6a6,75
0x8F688a91695F7D2a1E93e57cedcbf5c5202f617b,703
0x48E37930986820435B0255886434EB9030856B14,625
0xbb8f219ca1C4B8E8d946c25FEBd0a5ce936AFce3,648
0x6437A40487F5C44A8ec386F2906B822f60109Ca5,341
0xB156B5AfCbaade6202008348e8B1FD2eEf05d537,202
0x3e7dC5c9D4d919c56b14f337514743E85A71aD1a,688
0xeB69f26918b03be26e7AC66C3Afc089b7A188bae,41
0xe616E04c1237efF59f168626e11e6b8ca082F73D,209
0xA4b120fdB2Fd946A67fbe996CB650DC2Cd7d55F2,203
0x2DDB405238368695f34d30a80AB60c449aa5cE48,82
0x647eb74A5135A0F24bEee3c2d8432ADCBB32c2a8,695
0x8d85114de0e28D55cCc33162b265a2DCdFFa3Cc8,72
0x16C170A26D901F6dC7A305Ee7D1D02Ec42098F15,368
0x09a87eB0A7724387bFbff9728c146C8B184d609d,325
0x65dA1d5C2A84EFa4f5f860e4eDd864C978B0852b,40
0xAe33247DCD75250C4823Db8433C1eD40bD63a27c,246
0xb50260f2076D744A6a87d4Ba0102fA8770c08e34,273
0x2098fdc52F5FD840C7389C0c3B0f775C3E3d12Ef,525
0x9D387Ab7FF693c1c26c59c3a912678b58368e9e5,500
0x1a14Db55f65B5cdec279cA14db37DDc65B7C8B87,819
0xbBA493459a48798b73522772AD31f2fdD854B534,762
0xcDc35a002a25C2be00b3e613301E3E3F0117F5ad,206
0xf47828408d028bDb484BC05A1F517FE3E004A27A,141
0x12C8585B54220Fb7b59599B51F76CAc4E12f55fe,346
0xC5b99C29322000af823938f332bF0a45c856CD6F,557
0x014A64241e230541626Be1060443C16BFE0900C6,585
0xeB69f26918b03be26e7AC66C3Afc089b7A188bae,266
0x693c7524aa242e52bB71461E7B1185ec6A6aD182,225
0xA94b40c53432f0576E64873CE1CEAd1aae62Fc90,366
0xcC95243658B8dE2535549F4BB975F8e858E53B67,744
0xcDc35a002a25C2be00b3e613301E3E3F0117F5ad,496
0xcDc35a002a25C2be00b3e613301E3E3F0117F5ad,375
0xc174C0D12f578F1dbeD22771466808986F40216a,621
0xC665A60F22dDa926B920DEB8FFAC0EF9D8a17460,790
0xdC6a5B3DA5C6c4cA0204Bac74654bE877eebeC04,444
0x9Bb78431797c98C7B742b41eD53D15E744d5720a,391
0xbe32EB8A464001842173F02FcD2CD0d4441a4976,533
0xc6516E190b29605154cf0D83A4C8A7F954Ff29B5,446
0xD502d966f2B50e4C1768efFe99D4C7C90C3a7625,339
0xE4354E532A89471Ef32184d0A537Cf213fBE7247,188
0xF18a46d135917d9Ea3b719F1DA724d7Bf966494f,345
0x7988DD1dDA1f35542a2B8d5f7DE575563ebF068E,115
0x6e6B9cC85885925ac3D7BbB55C94373bE9c9C940,199
0x3A4DDcCB9a7037cB6bea4eD31FFDbe7179eAB42e,10
0xdE0639aa8A85Cc9ea40F53F2DC2aD3f0d791B69c,593
0xC36a79F41538f7e43194d15E7fF437DA64bD00bD,458
0xBdC136dddDf8392632B3b0D2589bF722183bd877,364
0x0A07d39Ee3B5F36Ea6c3d1C5Cb89c6616845290e,211
0x9247012451B7068427c7e8e26554de84f212FA10,128
0x7c228e74D601Ee9414277a674ABf9b58950E87CC,584
0x0a2042B0fa1997eE1DD6b6214033d0AA7df37382,37
0xb2a2640d667824951B59cE14Ce286271035162Ab,698
0xeAc5f9b3cd48123a69FE69CE93A7F58100A56552,611
0xd2B12f1a75b2313980d7c410002e6a48cF389b8D,349
0xA6f4fa9840Aa6825446c820aF6d5eCcf9f78BA05,363
0x627D5Ed9d7b2EC21a785aB4C560492B3eB65fB3f,358
0x0597425D30B8e40Ad2041780fa9Ed346a849C8F3,498
0xD3b7A5d7A5445463f3E669b3626DBFf17cD07F32,310
0x0065058668B350BEe2763d43d14FF293d916b106,315
0xd3FAc37E04A928f581459ea81D7B1e2dC64C2FBB,581
0xC5A2406CE879c01956068c07A6515B2B3D102f34,685
0xc27547C2067a775f71dEd3501daAD09FB3BA9311,448
0x34a9De9705d7999987e9817074870d53B731a3B2,615
0xb848a0B0bA24a233E2f05D0a382e1C2035BfC5F0,742
0xAc86714e6bf628fE58606ab1caED81fA626873F8,452
0xda91a981eddAc2aB2B18c86663D501C1DBF8Dcc2,38
0xf96b0147eCC2f4834A2087676b60103eb8cB5C24,568
0xDceFF837fbA50e5F6edDC034Cd1b1168eE365625,495
0x908f55E7882C47Db6b43C47509027FC106FA3622,758
0x78Ac447De0915Da66A81eB6dbEEBFE1E3e031B39,218
0x51787a2C56d710c68140bdAdeFD3A98BfF96FeB4,766
0x328f23C340152edd00CAA6Bb61761736dCC4E44a,614
0xaB21d5B44f07a92A14E1931906164888d4E0a7eb,709
0x8F688a91695F7D2a1E93e57cedcbf5c5202f617b,506
0xEac0930860AD561246A1F91108f3B6bfFab39100,129
0x05025e6101Cd64243F694CbdaDE63f2E0D85f5e5,415
0x2d1C0d03EfeBd916346927E465D38556c832EB81,316
0xc21f97E340481d65Fa1bA3d1BD299fC51033794A,48
0x6B67623ff56c10d9dcFc2152425f90285fC74DDD,480
0x1861E409C30F03a9e3600467AFF8DB7f23723A4a,23
0xfaaa79eD017A66f19Bd08161a2ebD215150758c4,663
0x2794B05689D9a55616e8823d2919F20FA9B04ad0,162
0xD42787bf70ca6c46BAD3cc8edf7De2e2524E6628,110
0x165fca0Ea5CE34f71f92364a720ec7E6cA64a83f,526
0xAf8FBF59e221D27b55DC3ADc2366F9230bCf5096,294
0x9012E620a8a5908F2Fefe18EFf8ff6aB4D3d1540,352
0x1dF24622941C97840BA53e2b165d4BCd0d86464A,536
0x4d95B1ea2a8a021fE98b5D60E5f835Aa7bA3362B,229
0x5b5Ab1847Fdc8186862B7d45C0F12545497b2CfE,782
0x9A62d44c1AaA7FC14295374442F1f7F0caB6D054,320
0xF2A8004DAb1742E34139B11E3e414143f5512f0D,226
0xB95DF5B3D78401878A8F4Ce52FeB85EDceC8bfB2,365
0x7aC3a31b933575Abd7e249B8f391290A6c1844B9,666
0x028d5EecD2e80310600e2b08527ebc1485CFB0Ea,248
0xF9Ba9314592627a0ad710Ed40e1ff75226a3A8dA,793
0x52b54cC9FF0555ae19930b0D27a035936357d298,70
0x8df937Afdf1d08C2bA565d636ca1365a42144385,665
0x25a446C6Cdd3ae7D125832a2768aa403fDfcBE72,696
0x9012E620a8a5908F2Fefe18EFf8ff6aB4D3d1540,252
0xEfcD425eEd1F6F1A26A555752eeE1E57D2010481,531
0x8F688a91695F7D2a1E93e57cedcbf5c5202f617b,564
0x5B0c1a42F3836498D29d7Fae8268621C25701f27,2
0x58e26b223Ca4CF395e74661C6180fC3986135F02,535
0x3D4aA00F3e19Ac6bD179e955cC17772e77d42FD1,4
0xCe723e6912FF14b7f5db305Eb3C3091b50B308e6,121
0x5D22BAbFDc8047C4A91070Aa04759BDa4eA77F84,376
0xb848a0B0bA24a233E2f05D0a382e1C2035BfC5F0,354
0xfd82CEeE7dCAA68F858FE3979ae2ef8ffBBD3C84,56
0x580dB445a23109C08865Ec84A567835C9f231439,429
0xcB5c0BFa9e999FF0935a9e4625A78634856c8C07,483
0x2FD5DABA6956589B3Dce1822BBb90f44587Ed031,595
0xb848a0B0bA24a233E2f05D0a382e1C2035BfC5F0,296
0xC6DcD55A897B90a49c1CCF93677727C58AB48a1f,35
0xBB403D793DDa52f8512950953771B7c341086120,73
0x7DD18efd62a5eC66aBbAcFb4938Be3AC6692931c,198
0xd54AA07a5E77bcc0269e2F1a830139Fb72D818A9,501
0xd4100a2E1aacdEB18BcdA92A280124a7111A12B6,491
0x914bC99c05489f9AE6625402E0003b3a9488eb98,421
0x3FEBB7a93aa9865c7bC1aE14DcC94ff0a7132d46,605
0x51787a2C56d710c68140bdAdeFD3A98BfF96FeB4,398
0xF3cE9BB53e5eE50d9533635ff90403242Cf7D639,468
0xd3770A917176446d5C0a3BD12dB8E9327333c2E3,100
0x665b47047eEd6b3Fd67fBb4348E2D19956d7F81E,411
0xf9d7BbD99EEa38eB67ce7FF13bE0ff8e25c98c42,577
0x082c0446895eC52D27fc720A06a4340d1fEd0FeF,183
0xE8f37093E86e2E5cc56a58E6045aF19878169FC2,62
0x0F7130dA3eAfCda3B2B27478A88E3e1369AfA3e7,373
0xe3E9AA40cF318973A67c166720E00A30964DC787,541
0xC55C754b9F11198BFcB5b6f1315D47DaADa0C4ab,638
0xe616E04c1237efF59f168626e11e6b8ca082F73D,796
0x707B54d8fFE11dD07eFF9E1Df9FF54c15BA31362,650
0x5622cC24DdECF5888D31DF4b8B12648d105472bC,461
0x7988DD1dDA1f35542a2B8d5f7DE575563ebF068E,282
0xD905DE91f928b20EA0cCf455e5bA07eB6373955C,238
0x8c3996617922c3ca288958C233141D2672B6c4Cf,235
0xf692450103d37fbed3f50348e9a8518A92bB21eE,245
0x7577A232f7E33b15BbB0c0B3238995f499FBbbad,124
0x89177787e8B88B6b95cFCD0501e79bdD05d370CA,457
0xa4e4Fed263c4Aa8D7359328610bD3218bDF30ab2,712
0x6B38f21D548f77b09842d757124e1932a60EfE69,267
0xcbf1C1562E6Fb4A6221Afb7DB747F660698fD4DC,820
0xC5b99C29322000af823938f332bF0a45c856CD6F,467
0xD205007e92Fd674F9C5987a3de152A2fb8e53424,51
0xee4e421564867Ce942Eb3b4Ceee07c9d15819335,383
0xa837c1E2b87aab4d28FeE399C6593B66422fd5d2,413
0x16B3607322Ea3837f928eE46495626ad0e6cF0B0,730
0x6acD93CAEE93fc1E9B593659e735Bce8EDB18eD7,465
0xF0aA926edE618Fa4771AEe8F60E96859CCDCcb16,295
0x02E4F367fc7cb77d9b6818440648fC4dD5d21891,372
0x74dAa69E3bBEa9a9185170bd642b7A969ce189B4,187
0x74fa1bE357bC182c88BA77E771a5502e2b271F1B,602
0x014A64241e230541626Be1060443C16BFE0900C6,317
0xC6DcD55A897B90a49c1CCF93677727C58AB48a1f,686
0xFEd93F0Ad93fF25993274D8245a2bB2133de38C0,223
0xfAF305f0330DD55F80adEe5d424aC1CD22dF00bd,24
0x50505bD07229122E3c139E04bF524138aA936173,490
0xd5bc65ED8FEF954D959F7f32c97a6Da7A046f9D7,450
0x67eE7cd48823b69734dEEA75197a3652EfeB10e0,102
0x51787a2C56d710c68140bdAdeFD3A98BfF96FeB4,396
0x27F33f5af3125c7488051134872E6e7A3c5a644A,25
0xF5818b3B7512bd0Cb6B02B9563DDFE79Ec77eCc9,271
0x4Fe67F2947CAEDF5A02b30d37d98fa26896016b9,697
0x0Eb8eA8d0A619D06195505B381197F169DEa5A0f,166
0x65dA1d5C2A84EFa4f5f860e4eDd864C978B0852b,410
0xB58e8F36eC46e8E826A4094798739825A3F37C6d,244
0x7EE9033aad1d11a80F1c1e8d769FeACBC97416dB,42
0xb639aFA64EC1C5B2d4E0065e112210fe0b8EaE5d,734
0x588C3706eD6A80ae73aA7140609C0D6Aa3a514E6,265
0xe6882e6093a69c47FC21426c2DFdB4A08eB2dEC8,405
0x36D3ABbb708690639899cb4B5AcF10A21134E5Ef,749
0x89177787e8B88B6b95cFCD0501e79bdD05d370CA,711
0x8dF55Ecf2C261b44D079302dc95327fe32F74eeD,493
0x281b6A55585f4FE6624E89C2488B715Cd92Fe651,736
0x6281B9e1954C319aAb04a8DCa79c91Dc5935F3F9,134
0x8FFBE85251FbDcA519554E4a3DD4035cBC4692c3,627
0x3624DBD5981710a26C0AcD30d96863340b432F96,728
0x95aa6CF80aa61c3433215c7b8330C065eD29CE97,190
0xa21FeD132341f41c7f96Cd9A5CDb3965bc0b74B0,67
0xd6f631C796a56A5d448Dd88a01f15058c4A0Be52,106
0x2422F2caF7fA802b7edd3DBE916dAFDa87838503,240
0x34CaE1d9e2D014B7b9E6295c66c554D7e79713d3,757
0x26e2e8a24E867E5e96eA0c4913e659cDC8A97973,487
0xC36a79F41538f7e43194d15E7fF437DA64bD00bD,402
0x8367A713bc14212Ab1bB8c55A778e43e50B8b927,617
0xd93CaC570ebF525B4F1f725606dC8BC4d81ABA63,799
0xA5B53F548236270b9FDf65E2A4f927b3e318CC3E,469
0x8B684f0de672BA390CF433aB8a9933479a004C60,269
0x65dA1d5C2A84EFa4f5f860e4eDd864C978B0852b,318
0xb9bc87e399E371100F83ffC51ED44c13DAF576cE,478
0x71072Dc1cb716cfbBd25A545cb9019fA5322BEdB,143
0xcBa794653C56b28800AE4fe5c2Ea2C89712c964C,147
0x8ef417CD1d063D4fDD0e9fa365AC9786BaAe3a86,719
0xbfbdB4DD9547850f8626e0405496d8F5cD9bed6B,635
0x281AbcD601a763BA7C8118aF0B99e69c6D969F92,233
0x01e92264abAccD5E77Be8a9A0ed5f1115fa36163,43
0x88ED6fCcd2894719cac60A755D110e5901ec1463,459
0x369CC52227F950A85e88D299762483fF44CD0bC6,816
0x12F8dEE62D483B9D641C6a6A77E2DcADc14615e6,546
0xfe6474CB60d7a3771cd436fc9893f78dA7B8D7Bc,667
0x7EE9033aad1d11a80F1c1e8d769FeACBC97416dB,409
0x1a9a4932F36B3641f5f63e98F77f8a1f28d85Dad,769
0xaA813EB65f8A10a531fB7a2D39297059DD397E6e,338
0x5c8EEfe1A17A340F3278A790e8b6CA7C89ECbEFC,436
0x673fE6D563aE81f2a5f653b9ba645A81646B9fD5,647
0x1132F3D7f1001daBE7b0A7E6ECEfE162C9b97cea,420
0x7b9BE60AB1B5802Fb95B2a6e21cD94A921147a06,660
0xa5fC9c09704a775af12d81bEb18981337E62586b,738
0xC36a79F41538f7e43194d15E7fF437DA64bD00bD,68
0xdB1ff7681C8d1d0AFD71D5A63A99fc48B9C07C20,395
0xb848a0B0bA24a233E2f05D0a382e1C2035BfC5F0,412
0x08Daf07f8206f6f9d4ECA20fE4d1D57fc02b928F,204
0x7EF0d352F7A77c0dF51dEF796e63a008234a7cdA,39
0xFe0E5b8179419d241Ce20CC094150AC4E912eA59,748
0xC59fBB94D54798E0Cf29c584670D231B348d5d4e,806
0x67eE7cd48823b69734dEEA75197a3652EfeB10e0,361
0xcBa794653C56b28800AE4fe5c2Ea2C89712c964C,279
0x224f17BB6610c833c89B63754e6454a605df48B5,197
0xB00642217BC9492c47c90abc8B2f69a58DC9240C,138
0xD38EfCa1677aB516C8A4Cb2844Fc3dFe989011c5,108
0xd4DB587755Ae1B265F579F77bBc72916c2facc10,116
0x09a87eB0A7724387bFbff9728c146C8B184d609d,378
0xe7267F0c2735D88c90E20B49365acacFf0201601,81
0x9012E620a8a5908F2Fefe18EFf8ff6aB4D3d1540,704
0x0C664C03eEBcECB6C21E3b3BC77c9dffed5bd694,440
0xd4100a2E1aacdEB18BcdA92A280124a7111A12B6,788
0xF36796Fc4F8FeE589FF959264C9E99ca37a1b659,181
0xceaD3b2d20f75562a1e62aA0dF7BC68fD70e951B,126
0x92d09862A248E34cfBc12d8CE2B9Cae87b856baD,230
0x076D40D4453a72a3DeC44970b1529BAeE379dD0b,170
0xc7066616A43a897bDF4c80E1e179A5A22817Ba93,122
0x81cb4a2aEa777043594a6765217942F8d02F1eaC,783
0x2E8c4204cDe4C78917D0313A75eff65d0262Ad46,699
0x7F26d2eDbE7eD3BC6e86F6981ef35fb421376dBD,725
0x1Af9B5BE31922b3A23862ae32D8d8a26EeA5da8e,624
0xFF209651029dE229108553C3fd3115b570327De6,580
0xc38A0530fbE84D085AcC56316697Ea7CdB53bF39,350
0xcDDCbD9C2665A71CD4cf5d1FaC0740Bf7643F260,299
0xf520aAf89eEa21fc9366B3CF3cD9206F0a24bdbb,539
0x70Cd1E5aBd2714ce7aBC3A4cfE82700C203C9Bb4,307
0x0FAd8C06c4eeA4D26c22DFA03cF74ceE25C165D0,727
0x65e09aE53d5f1A7D75E4442eB9D004191Dd253fb,168
0x09B262452a34B2417aA8811A6033513b9baf7CF6,503
0xC8E4B543d581A1b40013D8BFBC975f6Aa23C4963,767
0x0C664C03eEBcECB6C21E3b3BC77c9dffed5bd694,737
0x6E662a15B3f96d9f547db88d4EcC06A64A147BB1,654
0xe1385eA3cD4AEB508b2B8094F822960D0C968505,514
0x2128e0f39Ab0132717BD2A5171fBeb801b7FE4e7,321
0x08Daf07f8206f6f9d4ECA20fE4d1D57fc02b928F,540
0xb95B8106b30C794b1eED3c5EEAF6A02cf82C8446,746
0xF9Ba9314592627a0ad710Ed40e1ff75226a3A8dA,559
0x3d559D0a7E6BDA753008c9a0C138D9A1D6115d6f,552
0x9b6A5a3ac6ce5e4175a4c2bce3bdb02Ea2630982,288
0x6Fa0593B57EA7c07C90aC19346f6c17cEB6FC7Ed,98
0x665b47047eEd6b3Fd67fBb4348E2D19956d7F81E,381
0x70540Cda690E6Ed2765fB58d31E0569bcf482CE5,394
0x13c662CCD96dbc6Cc7638C8c4cb4DFEd5161a90D,152
0x3Fe877b86a298326c13d911A99D59F4C9d195957,185
0xF28C51FeCe247f32C6A12612Fa43a486064a6085,418
0x9270181FC52FC49154BD86D5A1fa968E7b676B1D,298
0xC36a79F41538f7e43194d15E7fF437DA64bD00bD,69
0x30F0790c46DcD9fB28772058f95b3C6ff7d09b30,724
0x64aC3C97a72CFD6E1E3184Caa26Bb910CAA0E121,780
0x35Ac92c757A227954A60B67a9BD3092f391afB56,177
0xEC101DacB3BC4D3B4629eeED405deeE2B1586934,473
0xfa7254a300E1D33779D8107A5d4074B568B9Fb9c,610
0x4161Cb28B929e90C284cd280DaDDfC5cFC76188e,639
0xd36954DF517cFd9D533d4494B0E62B61c02Fc29a,326
0xc6F236891c3099ce4b210793BB1b3030fFfBaA67,382
0x01B22Bb2D473a53FAe501C273e6D5592A58a131A,649
0x028d5EecD2e80310600e2b08527ebc1485CFB0Ea,392
0x3a14F8C5Fa803B28A97B681E1E4fc6644a7f0C29,451
